# kernel32.dll exports and whether ReactOS 0.4.16 (x86, reports NT 5.2) has them.
# Source: the export tables of \reactos\system32\kernel32.dll and kernel32_vista.dll
# inside the released ReactOS-0.4.16-i386 image, read with pefile. Not documentation:
# these are the bytes the target actually ships. Format: name<TAB>reactos|no<TAB>where
# Names come from that image plus every name in kernel32-exports.tsv, so a function
# XP has and ReactOS lacks appears here as absent rather than simply missing.
# kernel32_vista.dll is marked absent on purpose: it is an internal ReactOS module,
# imported in that image only by ReactOS's own DLLs, never by an application.
# Regenerate with scripts/fetch-reactos-exports.py <ReactOS-0.4.16-i386.iso>.
AcquireSRWLockExclusive	no	kernel32_vista.dll only
AcquireSRWLockShared	no	kernel32_vista.dll only
AcquireStateLock	no	absent
ActivateActCtx	reactos	kernel32.dll
ActivateActCtxWorker	no	absent
AddAtomA	reactos	kernel32.dll
AddAtomW	reactos	kernel32.dll
AddConsoleAliasA	reactos	kernel32.dll
AddConsoleAliasW	reactos	kernel32.dll
AddDllDirectory	no	absent
AddIntegrityLabelToBoundaryDescriptor	no	absent
AddLocalAlternateComputerNameA	reactos	kernel32.dll
AddLocalAlternateComputerNameW	reactos	kernel32.dll
AddRefActCtx	reactos	kernel32.dll
AddRefActCtxWorker	no	absent
AddResourceAttributeAce	no	absent
AddSIDToBoundaryDescriptor	no	absent
AddScopedPolicyIDAce	no	absent
AddSecureMemoryCacheCallback	no	absent
AddVectoredContinueHandler	reactos	kernel32.dll
AddVectoredExceptionHandler	reactos	kernel32.dll
AdjustCalendarDate	no	absent
AllocConsole	reactos	kernel32.dll
AllocLSCallback	no	absent
AllocSLCallback	no	absent
AllocateUserPhysicalPages	reactos	kernel32.dll
AllocateUserPhysicalPagesNuma	no	absent
AppContainerDeriveSidFromMoniker	no	absent
AppContainerFreeMemory	no	absent
AppContainerLookupDisplayNameMrtReference	no	absent
AppContainerLookupMoniker	no	absent
AppContainerRegisterSid	no	absent
AppContainerUnregisterSid	no	absent
AppXFreeMemory	no	absent
AppXGetApplicationData	no	absent
AppXGetDevelopmentMode	no	absent
AppXGetOSMaxVersionTested	no	absent
AppXGetOSMinVersion	no	absent
AppXGetPackageCapabilities	no	absent
AppXGetPackageSid	no	absent
AppXGetPackageState	no	absent
AppXLookupDisplayName	no	absent
AppXLookupMoniker	no	absent
AppXSetPackageState	no	absent
ApplicationRecoveryFinished	no	kernel32_vista.dll only
ApplicationRecoveryInProgress	no	kernel32_vista.dll only
AreFileApisANSI	reactos	kernel32.dll
AssignProcessToJobObject	reactos	kernel32.dll
AttachConsole	reactos	kernel32.dll
BackupRead	reactos	kernel32.dll
BackupSeek	reactos	kernel32.dll
BackupWrite	reactos	kernel32.dll
BaseAttachCompleteThunk	no	absent
BaseCheckAppcompatCache	reactos	kernel32.dll
BaseCheckAppcompatCacheEx	no	absent
BaseCheckAppcompatCacheExWorker	no	absent
BaseCheckAppcompatCacheWorker	no	absent
BaseCheckElevation	no	absent
BaseCheckRunApp	reactos	kernel32.dll
BaseCleanupAppcompatCache	no	absent
BaseCleanupAppcompatCacheSupport	reactos	kernel32.dll
BaseCleanupAppcompatCacheSupportWorker	no	absent
BaseDestroyVDMEnvironment	no	absent
BaseDllReadWriteIniFile	no	absent
BaseDumpAppcompatCache	reactos	kernel32.dll
BaseDumpAppcompatCacheWorker	no	absent
BaseElevationPostProcessing	no	absent
BaseFlushAppcompatCache	reactos	kernel32.dll
BaseFlushAppcompatCacheWorker	no	absent
BaseFormatObjectAttributes	no	absent
BaseFormatTimeOut	no	absent
BaseFreeAppCompatDataForProcessWorker	no	absent
BaseGenerateAppCompatData	no	absent
BaseGetNamedObjectDirectory	no	absent
BaseInitAppcompatCache	no	absent
BaseInitAppcompatCacheSupport	reactos	kernel32.dll
BaseInitAppcompatCacheSupportWorker	no	absent
BaseIsAppcompatInfrastructureDisabled	reactos	kernel32.dll
BaseIsAppcompatInfrastructureDisabledWorker	no	absent
BaseIsDosApplication	no	absent
BaseProcessInitPostImport	reactos	kernel32.dll
BaseProcessStart	no	absent
BaseQueryModuleData	reactos	kernel32.dll
BaseReadAppCompatDataForProcessWorker	no	absent
BaseSetLastNTError	no	absent
BaseThreadInitThunk	no	absent
BaseThreadStart	no	absent
BaseUpdateAppcompatCache	reactos	kernel32.dll
BaseUpdateAppcompatCacheWorker	no	absent
BaseUpdateVDMEntry	no	absent
BaseVerifyUnicodeString	no	absent
BaseWriteErrorElevationRequiredEvent	no	absent
Basep8BitStringToDynamicUnicodeString	no	absent
BasepAllocateActivationContextActivationBlock	no	absent
BasepAnsiStringToDynamicUnicodeString	no	absent
BasepAppCompatHookDLL	no	absent
BasepAppContainerEnvironmentExtension	no	absent
BasepAppXExtension	no	absent
BasepCheckAppCompat	no	absent
BasepCheckBadapp	reactos	kernel32.dll
BasepCheckWebBladeHashes	no	absent
BasepCheckWinSaferRestrictions	reactos	kernel32.dll
BasepConstructSxsCreateProcessMessage	no	absent
BasepCopyEncryption	no	absent
BasepFreeActivationContextActivationBlock	no	absent
BasepFreeAppCompatData	reactos	kernel32.dll
BasepGetAppCompatData	no	absent
BasepGetComputerNameFromNtPath	no	absent
BasepGetExeArchType	no	absent
BasepIsProcessAllowed	no	absent
BasepMapModuleHandle	no	absent
BasepNotifyLoadStringResource	no	absent
BasepPostSuccessAppXExtension	no	absent
BasepProcessInvalidImage	no	absent
BasepQueryAppCompat	no	absent
BasepReleaseAppXContext	no	absent
BasepReleaseSxsCreateProcessUtilityStruct	no	absent
BasepReportFault	no	absent
BasepSetFileEncryptionCompression	no	absent
Beep	reactos	kernel32.dll
BeginUpdateResourceA	reactos	kernel32.dll
BeginUpdateResourceW	reactos	kernel32.dll
BindIoCompletionCallback	reactos	kernel32.dll
BuildCommDCBA	reactos	kernel32.dll
BuildCommDCBAndTimeoutsA	reactos	kernel32.dll
BuildCommDCBAndTimeoutsW	reactos	kernel32.dll
BuildCommDCBW	reactos	kernel32.dll
CallNamedPipeA	reactos	kernel32.dll
CallNamedPipeW	reactos	kernel32.dll
Callback12	no	absent
Callback16	no	absent
Callback20	no	absent
Callback24	no	absent
Callback28	no	absent
Callback32	no	absent
Callback36	no	absent
Callback4	no	absent
Callback40	no	absent
Callback44	no	absent
Callback48	no	absent
Callback52	no	absent
Callback56	no	absent
Callback60	no	absent
Callback64	no	absent
Callback8	no	absent
CallbackMayRunLong	no	absent
CalloutOnFiberStack	no	absent
CancelDeviceWakeupRequest	reactos	kernel32.dll
CancelIo	reactos	kernel32.dll
CancelIoEx	no	absent
CancelSynchronousIo	no	absent
CancelThreadpoolIo	no	absent
CancelTimerQueueTimer	reactos	kernel32.dll
CancelWaitableTimer	reactos	kernel32.dll
CeipIsOptedIn	no	absent
ChangeTimerQueueTimer	reactos	kernel32.dll
CheckAllowDecryptedRemoteDestinationPolicy	no	absent
CheckElevation	no	absent
CheckElevationEnabled	no	absent
CheckForReadOnlyResource	no	absent
CheckForReadOnlyResourceFilter	no	absent
CheckNameLegalDOS8Dot3A	reactos	kernel32.dll
CheckNameLegalDOS8Dot3W	reactos	kernel32.dll
CheckRemoteDebuggerPresent	reactos	kernel32.dll
CheckTokenCapability	no	absent
CheckTokenMembershipEx	no	absent
ClearCommBreak	reactos	kernel32.dll
ClearCommError	reactos	kernel32.dll
CloseConsoleHandle	reactos	kernel32.dll
CloseHandle	reactos	kernel32.dll
ClosePackageInfo	no	absent
ClosePrivateNamespace	no	absent
CloseProfileUserMapping	reactos	kernel32.dll
CloseState	no	absent
CloseStateAtom	no	absent
CloseStateChangeNotification	no	absent
CloseStateContainer	no	absent
CloseStateLock	no	absent
CloseSystemHandle	no	absent
CloseThreadpool	no	absent
CloseThreadpoolCleanupGroup	no	absent
CloseThreadpoolCleanupGroupMembers	no	absent
CloseThreadpoolIo	no	absent
CloseThreadpoolTimer	no	absent
CloseThreadpoolWait	no	absent
CloseThreadpoolWork	no	absent
CmdBatNotification	reactos	kernel32.dll
CommConfigDialogA	reactos	kernel32.dll
CommConfigDialogW	reactos	kernel32.dll
CommitStateAtom	no	absent
CompareCalendarDates	no	absent
CompareFileTime	reactos	kernel32.dll
CompareStringA	reactos	kernel32.dll
CompareStringEx	no	absent
CompareStringOrdinal	no	kernel32_vista.dll only
CompareStringW	reactos	kernel32.dll
ConnectNamedPipe	reactos	kernel32.dll
ConsoleIMERoutine	no	absent
ConsoleMenuControl	reactos	kernel32.dll
ContinueDebugEvent	reactos	kernel32.dll
ConvertCalDateTimeToSystemTime	no	absent
ConvertDefaultLocale	reactos	kernel32.dll
ConvertFiberToThread	reactos	kernel32.dll
ConvertNLSDayOfWeekToWin32DayOfWeek	no	absent
ConvertSystemTimeToCalDateTime	no	absent
ConvertThreadToFiber	reactos	kernel32.dll
ConvertThreadToFiberEx	reactos	kernel32.dll
ConvertToGlobalHandle	no	absent
CopyContext	no	absent
CopyExtendedContext	no	absent
CopyFile2	no	absent
CopyFileA	reactos	kernel32.dll
CopyFileExA	reactos	kernel32.dll
CopyFileExW	reactos	kernel32.dll
CopyFileTransactedA	no	absent
CopyFileTransactedW	no	absent
CopyFileW	reactos	kernel32.dll
CopyLZFile	reactos	kernel32.dll
CreateActCtxA	reactos	kernel32.dll
CreateActCtxW	reactos	kernel32.dll
CreateActCtxWWorker	no	absent
CreateBoundaryDescriptorA	no	absent
CreateBoundaryDescriptorW	no	absent
CreateConsoleScreenBuffer	reactos	kernel32.dll
CreateDirectoryA	reactos	kernel32.dll
CreateDirectoryExA	reactos	kernel32.dll
CreateDirectoryExW	reactos	kernel32.dll
CreateDirectoryTransactedA	no	absent
CreateDirectoryTransactedW	no	absent
CreateDirectoryW	reactos	kernel32.dll
CreateEventA	reactos	kernel32.dll
CreateEventExA	no	absent
CreateEventExW	no	absent
CreateEventW	reactos	kernel32.dll
CreateFiber	reactos	kernel32.dll
CreateFiberEx	reactos	kernel32.dll
CreateFile2	no	absent
CreateFileA	reactos	kernel32.dll
CreateFileMappingA	reactos	kernel32.dll
CreateFileMappingFromApp	no	absent
CreateFileMappingNumaA	no	absent
CreateFileMappingNumaW	no	absent
CreateFileMappingW	reactos	kernel32.dll
CreateFileTransactedA	no	absent
CreateFileTransactedW	no	absent
CreateFileW	reactos	kernel32.dll
CreateHardLinkA	reactos	kernel32.dll
CreateHardLinkTransactedA	no	absent
CreateHardLinkTransactedW	no	absent
CreateHardLinkW	reactos	kernel32.dll
CreateIoCompletionPort	reactos	kernel32.dll
CreateJobObjectA	reactos	kernel32.dll
CreateJobObjectW	reactos	kernel32.dll
CreateJobSet	reactos	kernel32.dll
CreateKernelThread	no	absent
CreateMailslotA	reactos	kernel32.dll
CreateMailslotW	reactos	kernel32.dll
CreateMemoryResourceNotification	reactos	kernel32.dll
CreateMutexA	reactos	kernel32.dll
CreateMutexExA	no	absent
CreateMutexExW	no	absent
CreateMutexW	reactos	kernel32.dll
CreateNamedPipeA	reactos	kernel32.dll
CreateNamedPipeW	reactos	kernel32.dll
CreateNlsSecurityDescriptor	reactos	kernel32.dll
CreatePipe	reactos	kernel32.dll
CreatePrivateNamespaceA	no	absent
CreatePrivateNamespaceW	no	absent
CreateProcessA	reactos	kernel32.dll
CreateProcessAsUserA	no	absent
CreateProcessAsUserW	no	absent
CreateProcessInternalA	reactos	kernel32.dll
CreateProcessInternalW	reactos	kernel32.dll
CreateProcessInternalWSecure	no	absent
CreateProcessW	reactos	kernel32.dll
CreateRemoteThread	reactos	kernel32.dll
CreateRemoteThreadEx	no	absent
CreateSemaphoreA	reactos	kernel32.dll
CreateSemaphoreExA	no	absent
CreateSemaphoreExW	no	absent
CreateSemaphoreW	reactos	kernel32.dll
CreateSocketHandle	reactos	kernel32.dll
CreateStateAtom	no	absent
CreateStateChangeNotification	no	absent
CreateStateContainer	no	absent
CreateStateLock	no	absent
CreateStateSubcontainer	no	absent
CreateSymbolicLinkA	no	kernel32_vista.dll only
CreateSymbolicLinkTransactedA	no	absent
CreateSymbolicLinkTransactedW	no	absent
CreateSymbolicLinkW	no	kernel32_vista.dll only
CreateTapePartition	reactos	kernel32.dll
CreateThread	reactos	kernel32.dll
CreateThreadpool	no	absent
CreateThreadpoolCleanupGroup	no	absent
CreateThreadpoolIo	no	absent
CreateThreadpoolTimer	no	absent
CreateThreadpoolWait	no	absent
CreateThreadpoolWork	no	absent
CreateTimerQueue	reactos	kernel32.dll
CreateTimerQueueTimer	reactos	kernel32.dll
CreateToolhelp32Snapshot	reactos	kernel32.dll
CreateUmsCompletionList	no	absent
CreateUmsThreadContext	no	absent
CreateVirtualBuffer	no	absent
CreateWaitableTimerA	reactos	kernel32.dll
CreateWaitableTimerExA	no	absent
CreateWaitableTimerExW	no	absent
CreateWaitableTimerW	reactos	kernel32.dll
CtrlRoutine	no	absent
DeactivateActCtx	reactos	kernel32.dll
DeactivateActCtxWorker	no	absent
DebugActiveProcess	reactos	kernel32.dll
DebugActiveProcessStop	reactos	kernel32.dll
DebugBreak	reactos	kernel32.dll
DebugBreakProcess	reactos	kernel32.dll
DebugSetProcessKillOnExit	reactos	kernel32.dll
DecodePointer	reactos	kernel32.dll
DecodeSystemPointer	reactos	kernel32.dll
DefineDosDeviceA	reactos	kernel32.dll
DefineDosDeviceW	reactos	kernel32.dll
DelayLoadFailureHook	reactos	kernel32.dll
DeleteAtom	reactos	kernel32.dll
DeleteBoundaryDescriptor	no	absent
DeleteCriticalSection	reactos	kernel32.dll
DeleteFiber	reactos	kernel32.dll
DeleteFileA	reactos	kernel32.dll
DeleteFileTransactedA	no	absent
DeleteFileTransactedW	no	absent
DeleteFileW	reactos	kernel32.dll
DeleteProcThreadAttributeList	no	absent
DeleteStateAtomValue	no	absent
DeleteStateContainer	no	absent
DeleteStateContainerValue	no	absent
DeleteSynchronizationBarrier	no	absent
DeleteTimerQueue	reactos	kernel32.dll
DeleteTimerQueueEx	reactos	kernel32.dll
DeleteTimerQueueTimer	reactos	kernel32.dll
DeleteUmsCompletionList	no	absent
DeleteUmsThreadContext	no	absent
DeleteVolumeMountPointA	reactos	kernel32.dll
DeleteVolumeMountPointW	reactos	kernel32.dll
DequeueUmsCompletionListItems	no	absent
DeviceIoControl	reactos	kernel32.dll
DisableThreadLibraryCalls	reactos	kernel32.dll
DisableThreadProfiling	no	absent
DisassociateCurrentThreadFromCallback	no	absent
DiscardVirtualMemory	no	absent
DisconnectNamedPipe	reactos	kernel32.dll
DnsHostnameToComputerNameA	reactos	kernel32.dll
DnsHostnameToComputerNameExW	no	absent
DnsHostnameToComputerNameW	reactos	kernel32.dll
DosDateTimeToFileTime	reactos	kernel32.dll
DosPathToSessionPathA	reactos	kernel32.dll
DosPathToSessionPathW	reactos	kernel32.dll
DuplicateConsoleHandle	reactos	kernel32.dll
DuplicateEncryptionInfoFileExt	no	absent
DuplicateHandle	reactos	kernel32.dll
DuplicateStateContainerHandle	no	absent
EnableThreadProfiling	no	absent
EncodePointer	reactos	kernel32.dll
EncodeSystemPointer	reactos	kernel32.dll
EndUpdateResourceA	reactos	kernel32.dll
EndUpdateResourceW	reactos	kernel32.dll
EnterCriticalSection	reactos	kernel32.dll
EnterSynchronizationBarrier	no	absent
EnterUmsSchedulingMode	no	absent
EnumCalendarInfoA	reactos	kernel32.dll
EnumCalendarInfoExA	reactos	kernel32.dll
EnumCalendarInfoExEx	no	absent
EnumCalendarInfoExW	reactos	kernel32.dll
EnumCalendarInfoW	reactos	kernel32.dll
EnumDateFormatsA	reactos	kernel32.dll
EnumDateFormatsExA	reactos	kernel32.dll
EnumDateFormatsExEx	no	absent
EnumDateFormatsExW	reactos	kernel32.dll
EnumDateFormatsW	reactos	kernel32.dll
EnumLanguageGroupLocalesA	reactos	kernel32.dll
EnumLanguageGroupLocalesW	reactos	kernel32.dll
EnumResourceLanguagesA	reactos	kernel32.dll
EnumResourceLanguagesExA	no	absent
EnumResourceLanguagesExW	no	absent
EnumResourceLanguagesW	reactos	kernel32.dll
EnumResourceNamesA	reactos	kernel32.dll
EnumResourceNamesExA	no	absent
EnumResourceNamesExW	no	absent
EnumResourceNamesW	reactos	kernel32.dll
EnumResourceTypesA	reactos	kernel32.dll
EnumResourceTypesExA	no	absent
EnumResourceTypesExW	no	absent
EnumResourceTypesW	reactos	kernel32.dll
EnumSystemCodePagesA	reactos	kernel32.dll
EnumSystemCodePagesW	reactos	kernel32.dll
EnumSystemFirmwareTables	reactos	kernel32.dll
EnumSystemGeoID	reactos	kernel32.dll
EnumSystemLanguageGroupsA	reactos	kernel32.dll
EnumSystemLanguageGroupsW	reactos	kernel32.dll
EnumSystemLocalesA	reactos	kernel32.dll
EnumSystemLocalesEx	no	kernel32_vista.dll only
EnumSystemLocalesW	reactos	kernel32.dll
EnumTimeFormatsA	reactos	kernel32.dll
EnumTimeFormatsEx	no	absent
EnumTimeFormatsW	reactos	kernel32.dll
EnumUILanguagesA	reactos	kernel32.dll
EnumUILanguagesW	reactos	kernel32.dll
EnumerateLocalComputerNamesA	reactos	kernel32.dll
EnumerateLocalComputerNamesW	reactos	kernel32.dll
EnumerateStateAtomValues	no	absent
EnumerateStateContainerItems	no	absent
EraseTape	reactos	kernel32.dll
EscapeCommFunction	reactos	kernel32.dll
ExecuteUmsThread	no	absent
ExitProcess	reactos	kernel32.dll
ExitThread	reactos	kernel32.dll
ExitVDM	reactos	kernel32.dll
ExpandEnvironmentStringsA	reactos	kernel32.dll
ExpandEnvironmentStringsW	reactos	kernel32.dll
ExpungeConsoleCommandHistoryA	reactos	kernel32.dll
ExpungeConsoleCommandHistoryW	reactos	kernel32.dll
ExtendVirtualBuffer	no	absent
FT_Exit0	no	absent
FT_Exit12	no	absent
FT_Exit16	no	absent
FT_Exit20	no	absent
FT_Exit24	no	absent
FT_Exit28	no	absent
FT_Exit32	no	absent
FT_Exit36	no	absent
FT_Exit4	no	absent
FT_Exit40	no	absent
FT_Exit44	no	absent
FT_Exit48	no	absent
FT_Exit52	no	absent
FT_Exit56	no	absent
FT_Exit8	no	absent
FT_Prolog	no	absent
FT_Thunk	no	absent
FatalAppExitA	reactos	kernel32.dll
FatalAppExitW	reactos	kernel32.dll
FatalExit	reactos	kernel32.dll
FileTimeToDosDateTime	reactos	kernel32.dll
FileTimeToLocalFileTime	reactos	kernel32.dll
FileTimeToSystemTime	reactos	kernel32.dll
FillConsoleOutputAttribute	reactos	kernel32.dll
FillConsoleOutputCharacterA	reactos	kernel32.dll
FillConsoleOutputCharacterW	reactos	kernel32.dll
FindActCtxSectionGuid	reactos	kernel32.dll
FindActCtxSectionGuidWorker	no	absent
FindActCtxSectionStringA	reactos	kernel32.dll
FindActCtxSectionStringW	reactos	kernel32.dll
FindActCtxSectionStringWWorker	no	absent
FindAtomA	reactos	kernel32.dll
FindAtomW	reactos	kernel32.dll
FindClose	reactos	kernel32.dll
FindCloseChangeNotification	reactos	kernel32.dll
FindFirstChangeNotificationA	reactos	kernel32.dll
FindFirstChangeNotificationW	reactos	kernel32.dll
FindFirstFileA	reactos	kernel32.dll
FindFirstFileExA	reactos	kernel32.dll
FindFirstFileExW	reactos	kernel32.dll
FindFirstFileNameTransactedW	no	absent
FindFirstFileNameW	no	absent
FindFirstFileTransactedA	no	absent
FindFirstFileTransactedW	no	absent
FindFirstFileW	reactos	kernel32.dll
FindFirstStreamTransactedW	no	absent
FindFirstStreamW	reactos	kernel32.dll
FindFirstVolumeA	reactos	kernel32.dll
FindFirstVolumeMountPointA	reactos	kernel32.dll
FindFirstVolumeMountPointW	reactos	kernel32.dll
FindFirstVolumeW	reactos	kernel32.dll
FindNLSString	no	absent
FindNLSStringEx	no	absent
FindNextChangeNotification	reactos	kernel32.dll
FindNextFileA	reactos	kernel32.dll
FindNextFileNameW	no	absent
FindNextFileW	reactos	kernel32.dll
FindNextStreamW	reactos	kernel32.dll
FindNextVolumeA	reactos	kernel32.dll
FindNextVolumeMountPointA	reactos	kernel32.dll
FindNextVolumeMountPointW	reactos	kernel32.dll
FindNextVolumeW	reactos	kernel32.dll
FindPackagesByPackageFamily	no	absent
FindResourceA	reactos	kernel32.dll
FindResourceExA	reactos	kernel32.dll
FindResourceExW	reactos	kernel32.dll
FindResourceW	reactos	kernel32.dll
FindStringOrdinal	no	absent
FindVolumeClose	reactos	kernel32.dll
FindVolumeMountPointClose	reactos	kernel32.dll
FlsAlloc	reactos	kernel32.dll
FlsFree	reactos	kernel32.dll
FlsGetValue	reactos	kernel32.dll
FlsSetValue	reactos	kernel32.dll
FlushConsoleInputBuffer	reactos	kernel32.dll
FlushFileBuffers	reactos	kernel32.dll
FlushInstructionCache	reactos	kernel32.dll
FlushProcessWriteBuffers	no	absent
FlushViewOfFile	reactos	kernel32.dll
FoldStringA	reactos	kernel32.dll
FoldStringW	reactos	kernel32.dll
FormatApplicationUserModelId	no	absent
FormatMessageA	reactos	kernel32.dll
FormatMessageW	reactos	kernel32.dll
FreeConsole	reactos	kernel32.dll
FreeEnvironmentStringsA	reactos	kernel32.dll
FreeEnvironmentStringsW	reactos	kernel32.dll
FreeLSCallback	no	absent
FreeLibrary	reactos	kernel32.dll
FreeLibraryAndExitThread	reactos	kernel32.dll
FreeLibraryWhenCallbackReturns	no	kernel32_vista.dll only
FreeMemoryJobObject	no	absent
FreeResource	reactos	kernel32.dll
FreeSLCallback	no	absent
FreeUserPhysicalPages	reactos	kernel32.dll
FreeVirtualBuffer	no	absent
GenerateConsoleCtrlEvent	reactos	kernel32.dll
GetACP	reactos	kernel32.dll
GetActiveProcessorCount	no	absent
GetActiveProcessorGroupCount	no	absent
GetAppContainerAce	no	absent
GetAppContainerNamedObjectPath	no	absent
GetApplicationRecoveryCallback	no	kernel32_vista.dll only
GetApplicationRecoveryCallbackWorker	no	absent
GetApplicationRestart	no	kernel32_vista.dll only
GetApplicationRestartSettings	no	absent
GetApplicationRestartSettingsWorker	no	absent
GetApplicationUserModelId	no	absent
GetAtomNameA	reactos	kernel32.dll
GetAtomNameW	reactos	kernel32.dll
GetBinaryType	reactos	kernel32.dll
GetBinaryTypeA	reactos	kernel32.dll
GetBinaryTypeW	reactos	kernel32.dll
GetCPFileNameFromRegistry	reactos	kernel32.dll
GetCPInfo	reactos	kernel32.dll
GetCPInfoExA	reactos	kernel32.dll
GetCPInfoExW	reactos	kernel32.dll
GetCachedSigningLevel	no	absent
GetCalendarDateFormat	no	absent
GetCalendarDateFormatEx	no	absent
GetCalendarDaysInMonth	no	absent
GetCalendarDifferenceInDays	no	absent
GetCalendarInfoA	reactos	kernel32.dll
GetCalendarInfoEx	no	absent
GetCalendarInfoW	reactos	kernel32.dll
GetCalendarMonthsInYear	no	absent
GetCalendarSupportedDateRange	no	absent
GetCalendarWeekNumber	no	absent
GetComPlusPackageInstallStatus	reactos	kernel32.dll
GetCommConfig	reactos	kernel32.dll
GetCommMask	reactos	kernel32.dll
GetCommModemStatus	reactos	kernel32.dll
GetCommProperties	reactos	kernel32.dll
GetCommState	reactos	kernel32.dll
GetCommTimeouts	reactos	kernel32.dll
GetCommandLineA	reactos	kernel32.dll
GetCommandLineW	reactos	kernel32.dll
GetCompressedFileSizeA	reactos	kernel32.dll
GetCompressedFileSizeTransactedA	no	absent
GetCompressedFileSizeTransactedW	no	absent
GetCompressedFileSizeW	reactos	kernel32.dll
GetComputerNameA	reactos	kernel32.dll
GetComputerNameExA	reactos	kernel32.dll
GetComputerNameExW	reactos	kernel32.dll
GetComputerNameW	reactos	kernel32.dll
GetConsoleAliasA	reactos	kernel32.dll
GetConsoleAliasExesA	reactos	kernel32.dll
GetConsoleAliasExesLengthA	reactos	kernel32.dll
GetConsoleAliasExesLengthW	reactos	kernel32.dll
GetConsoleAliasExesW	reactos	kernel32.dll
GetConsoleAliasW	reactos	kernel32.dll
GetConsoleAliasesA	reactos	kernel32.dll
GetConsoleAliasesLengthA	reactos	kernel32.dll
GetConsoleAliasesLengthW	reactos	kernel32.dll
GetConsoleAliasesW	reactos	kernel32.dll
GetConsoleCP	reactos	kernel32.dll
GetConsoleCharType	reactos	kernel32.dll
GetConsoleCommandHistoryA	reactos	kernel32.dll
GetConsoleCommandHistoryLengthA	reactos	kernel32.dll
GetConsoleCommandHistoryLengthW	reactos	kernel32.dll
GetConsoleCommandHistoryW	reactos	kernel32.dll
GetConsoleCursorInfo	reactos	kernel32.dll
GetConsoleCursorMode	reactos	kernel32.dll
GetConsoleDisplayMode	reactos	kernel32.dll
GetConsoleFontInfo	reactos	kernel32.dll
GetConsoleFontSize	reactos	kernel32.dll
GetConsoleHardwareState	reactos	kernel32.dll
GetConsoleHistoryInfo	no	absent
GetConsoleInputExeNameA	reactos	kernel32.dll
GetConsoleInputExeNameW	reactos	kernel32.dll
GetConsoleInputWaitHandle	reactos	kernel32.dll
GetConsoleKeyboardLayoutNameA	reactos	kernel32.dll
GetConsoleKeyboardLayoutNameW	reactos	kernel32.dll
GetConsoleMode	reactos	kernel32.dll
GetConsoleNlsMode	reactos	kernel32.dll
GetConsoleOriginalTitleA	no	absent
GetConsoleOriginalTitleW	no	absent
GetConsoleOutputCP	reactos	kernel32.dll
GetConsoleProcessList	reactos	kernel32.dll
GetConsoleScreenBufferInfo	reactos	kernel32.dll
GetConsoleScreenBufferInfoEx	no	absent
GetConsoleSelectionInfo	reactos	kernel32.dll
GetConsoleTitleA	reactos	kernel32.dll
GetConsoleTitleW	reactos	kernel32.dll
GetConsoleWindow	reactos	kernel32.dll
GetCurrencyFormatA	reactos	kernel32.dll
GetCurrencyFormatEx	no	absent
GetCurrencyFormatW	reactos	kernel32.dll
GetCurrentActCtx	reactos	kernel32.dll
GetCurrentActCtxWorker	no	absent
GetCurrentApplicationUserModelId	no	absent
GetCurrentConsoleFont	reactos	kernel32.dll
GetCurrentConsoleFontEx	no	absent
GetCurrentDirectoryA	reactos	kernel32.dll
GetCurrentDirectoryW	reactos	kernel32.dll
GetCurrentPackageFamilyName	no	absent
GetCurrentPackageFullName	no	absent
GetCurrentPackageId	no	absent
GetCurrentPackageInfo	no	absent
GetCurrentPackagePath	no	absent
GetCurrentProcess	reactos	kernel32.dll
GetCurrentProcessId	reactos	kernel32.dll
GetCurrentProcessorNumber	reactos	kernel32.dll
GetCurrentProcessorNumberEx	no	absent
GetCurrentThread	reactos	kernel32.dll
GetCurrentThreadId	reactos	kernel32.dll
GetCurrentThreadStackLimits	no	absent
GetCurrentUmsThread	no	absent
GetDateFormatA	reactos	kernel32.dll
GetDateFormatAWorker	no	absent
GetDateFormatEx	no	absent
GetDateFormatW	reactos	kernel32.dll
GetDateFormatWWorker	no	absent
GetDaylightFlag	no	absent
GetDefaultCommConfigA	reactos	kernel32.dll
GetDefaultCommConfigW	reactos	kernel32.dll
GetDefaultSortKeySize	no	absent
GetDefaultSortkeySize	reactos	kernel32.dll
GetDevicePowerState	reactos	kernel32.dll
GetDiskFreeSpaceA	reactos	kernel32.dll
GetDiskFreeSpaceExA	reactos	kernel32.dll
GetDiskFreeSpaceExW	reactos	kernel32.dll
GetDiskFreeSpaceW	reactos	kernel32.dll
GetDllDirectoryA	reactos	kernel32.dll
GetDllDirectoryW	reactos	kernel32.dll
GetDriveTypeA	reactos	kernel32.dll
GetDriveTypeW	reactos	kernel32.dll
GetDurationFormat	no	absent
GetDurationFormatEx	no	absent
GetDynamicTimeZoneInformation	no	absent
GetEnabledExtendedFeatures	no	absent
GetEnabledXStateFeatures	no	absent
GetEncryptedFileVersionExt	no	absent
GetEnvironmentStrings	reactos	kernel32.dll
GetEnvironmentStringsA	reactos	kernel32.dll
GetEnvironmentStringsW	reactos	kernel32.dll
GetEnvironmentVariableA	reactos	kernel32.dll
GetEnvironmentVariableW	reactos	kernel32.dll
GetEraNameCountedString	no	absent
GetErrorMode	no	absent
GetExitCodeProcess	reactos	kernel32.dll
GetExitCodeThread	reactos	kernel32.dll
GetExpandedNameA	reactos	kernel32.dll
GetExpandedNameW	reactos	kernel32.dll
GetExtendedContextLength	no	absent
GetExtendedFeaturesMask	no	absent
GetFileAttributesA	reactos	kernel32.dll
GetFileAttributesExA	reactos	kernel32.dll
GetFileAttributesExW	reactos	kernel32.dll
GetFileAttributesTransactedA	no	absent
GetFileAttributesTransactedW	no	absent
GetFileAttributesW	reactos	kernel32.dll
GetFileBandwidthReservation	no	kernel32_vista.dll only
GetFileInformationByHandle	reactos	kernel32.dll
GetFileInformationByHandleEx	no	kernel32_vista.dll only
GetFileMUIInfo	no	kernel32_vista.dll only
GetFileMUIPath	no	kernel32_vista.dll only
GetFileSize	reactos	kernel32.dll
GetFileSizeEx	reactos	kernel32.dll
GetFileTime	reactos	kernel32.dll
GetFileType	reactos	kernel32.dll
GetFinalPathNameByHandleA	no	kernel32_vista.dll only
GetFinalPathNameByHandleW	no	kernel32_vista.dll only
GetFirmwareEnvironmentVariableA	reactos	kernel32.dll
GetFirmwareEnvironmentVariableExA	no	kernel32_vista.dll only
GetFirmwareEnvironmentVariableExW	no	kernel32_vista.dll only
GetFirmwareEnvironmentVariableW	reactos	kernel32.dll
GetFirmwareType	no	kernel32_vista.dll only
GetFullPathNameA	reactos	kernel32.dll
GetFullPathNameTransactedA	no	absent
GetFullPathNameTransactedW	no	absent
GetFullPathNameW	reactos	kernel32.dll
GetGeoInfoA	reactos	kernel32.dll
GetGeoInfoW	reactos	kernel32.dll
GetHandleContext	reactos	kernel32.dll
GetHandleInformation	reactos	kernel32.dll
GetHivePath	no	absent
GetLSCallbackTarget	no	absent
GetLSCallbackTemplate	no	absent
GetLargePageMinimum	reactos	kernel32.dll
GetLargestConsoleWindowSize	reactos	kernel32.dll
GetLastError	reactos	kernel32.dll
GetLinguistLangSize	reactos	kernel32.dll
GetLocalTime	reactos	kernel32.dll
GetLocaleInfoA	reactos	kernel32.dll
GetLocaleInfoEx	no	kernel32_vista.dll only
GetLocaleInfoW	reactos	kernel32.dll
GetLogicalDriveStringsA	reactos	kernel32.dll
GetLogicalDriveStringsW	reactos	kernel32.dll
GetLogicalDrives	reactos	kernel32.dll
GetLogicalProcessorInformation	reactos	kernel32.dll
GetLogicalProcessorInformationEx	no	absent
GetLongPathNameA	reactos	kernel32.dll
GetLongPathNameTransactedA	no	absent
GetLongPathNameTransactedW	no	absent
GetLongPathNameW	reactos	kernel32.dll
GetMailslotInfo	reactos	kernel32.dll
GetMaximumProcessorCount	no	absent
GetMaximumProcessorGroupCount	no	absent
GetMemoryErrorHandlingCapabilities	no	absent
GetModuleFileNameA	reactos	kernel32.dll
GetModuleFileNameW	reactos	kernel32.dll
GetModuleHandleA	reactos	kernel32.dll
GetModuleHandleExA	reactos	kernel32.dll
GetModuleHandleExW	reactos	kernel32.dll
GetModuleHandleW	reactos	kernel32.dll
GetNLSVersion	reactos	kernel32.dll
GetNLSVersionEx	reactos	kernel32.dll
GetNamedPipeAttribute	no	absent
GetNamedPipeClientComputerNameA	no	absent
GetNamedPipeClientComputerNameW	no	absent
GetNamedPipeClientProcessId	no	kernel32_vista.dll only
GetNamedPipeClientSessionId	no	absent
GetNamedPipeHandleStateA	reactos	kernel32.dll
GetNamedPipeHandleStateW	reactos	kernel32.dll
GetNamedPipeInfo	reactos	kernel32.dll
GetNamedPipeServerProcessId	no	absent
GetNamedPipeServerSessionId	no	absent
GetNativeSystemInfo	reactos	kernel32.dll
GetNextUmsListItem	no	absent
GetNextVDMCommand	reactos	kernel32.dll
GetNlsSectionName	reactos	kernel32.dll
GetNumaAvailableMemory	no	absent
GetNumaAvailableMemoryNode	reactos	kernel32.dll
GetNumaAvailableMemoryNodeEx	no	absent
GetNumaHighestNodeNumber	reactos	kernel32.dll
GetNumaNodeNumberFromHandle	no	absent
GetNumaNodeProcessorMask	reactos	kernel32.dll
GetNumaNodeProcessorMaskEx	no	absent
GetNumaProcessorMap	no	absent
GetNumaProcessorNode	reactos	kernel32.dll
GetNumaProcessorNodeEx	no	absent
GetNumaProximityNode	no	absent
GetNumaProximityNodeEx	no	absent
GetNumberFormatA	reactos	kernel32.dll
GetNumberFormatEx	no	absent
GetNumberFormatW	reactos	kernel32.dll
GetNumberOfConsoleFonts	reactos	kernel32.dll
GetNumberOfConsoleInputEvents	reactos	kernel32.dll
GetNumberOfConsoleMouseButtons	reactos	kernel32.dll
GetOEMCP	reactos	kernel32.dll
GetOverlappedResult	reactos	kernel32.dll
GetOverlappedResultEx	no	absent
GetPackageApplicationIds	no	absent
GetPackageFamilyName	no	absent
GetPackageFullName	no	absent
GetPackageId	no	absent
GetPackageInfo	no	absent
GetPackagePath	no	absent
GetPackagePathByFullName	no	absent
GetPackagesByPackageFamily	no	absent
GetPhysicallyInstalledSystemMemory	no	absent
GetPriorityClass	reactos	kernel32.dll
GetPrivateProfileIntA	reactos	kernel32.dll
GetPrivateProfileIntW	reactos	kernel32.dll
GetPrivateProfileSectionA	reactos	kernel32.dll
GetPrivateProfileSectionNamesA	reactos	kernel32.dll
GetPrivateProfileSectionNamesW	reactos	kernel32.dll
GetPrivateProfileSectionW	reactos	kernel32.dll
GetPrivateProfileStringA	reactos	kernel32.dll
GetPrivateProfileStringW	reactos	kernel32.dll
GetPrivateProfileStructA	reactos	kernel32.dll
GetPrivateProfileStructW	reactos	kernel32.dll
GetProcAddress	reactos	kernel32.dll
GetProcessAffinityMask	reactos	kernel32.dll
GetProcessDEPPolicy	reactos	kernel32.dll
GetProcessDefaultCpuSets	no	absent
GetProcessFlags	no	absent
GetProcessGroupAffinity	no	absent
GetProcessHandleCount	reactos	kernel32.dll
GetProcessHeap	reactos	kernel32.dll
GetProcessHeaps	reactos	kernel32.dll
GetProcessId	reactos	kernel32.dll
GetProcessIdOfThread	reactos	kernel32.dll
GetProcessInformation	no	absent
GetProcessIoCounters	reactos	kernel32.dll
GetProcessMitigationPolicy	no	absent
GetProcessPreferredUILanguages	no	absent
GetProcessPriorityBoost	reactos	kernel32.dll
GetProcessShutdownParameters	reactos	kernel32.dll
GetProcessTimes	reactos	kernel32.dll
GetProcessUserModeExceptionPolicy	no	absent
GetProcessVersion	reactos	kernel32.dll
GetProcessWorkingSetSize	reactos	kernel32.dll
GetProcessWorkingSetSizeEx	reactos	kernel32.dll
GetProcessorSystemCycleTime	no	absent
GetProductInfo	no	kernel32_vista.dll only
GetProductName	no	absent
GetProfileIntA	reactos	kernel32.dll
GetProfileIntW	reactos	kernel32.dll
GetProfileSectionA	reactos	kernel32.dll
GetProfileSectionW	reactos	kernel32.dll
GetProfileStringA	reactos	kernel32.dll
GetProfileStringW	reactos	kernel32.dll
GetQueuedCompletionStatus	reactos	kernel32.dll
GetQueuedCompletionStatusEx	no	absent
GetRoamingLastObservedChangeTime	no	absent
GetSLCallbackTarget	no	absent
GetSLCallbackTemplate	no	absent
GetSerializedAtomBytes	no	absent
GetShortPathNameA	reactos	kernel32.dll
GetShortPathNameW	reactos	kernel32.dll
GetStagedPackagePathByFullName	no	absent
GetStartupInfoA	reactos	kernel32.dll
GetStartupInfoW	reactos	kernel32.dll
GetStateContainerDepth	no	absent
GetStateFolder	no	absent
GetStateRootFolder	no	absent
GetStateSettingsFolder	no	absent
GetStateVersion	no	absent
GetStdHandle	reactos	kernel32.dll
GetStringScripts	no	absent
GetStringTypeA	reactos	kernel32.dll
GetStringTypeExA	reactos	kernel32.dll
GetStringTypeExW	reactos	kernel32.dll
GetStringTypeW	reactos	kernel32.dll
GetSystemAppDataFolder	no	absent
GetSystemAppDataKey	no	absent
GetSystemCpuSetInformation	no	absent
GetSystemDEPPolicy	no	absent
GetSystemDefaultLCID	reactos	kernel32.dll
GetSystemDefaultLangID	reactos	kernel32.dll
GetSystemDefaultLocaleName	no	absent
GetSystemDefaultUILanguage	reactos	kernel32.dll
GetSystemDirectoryA	reactos	kernel32.dll
GetSystemDirectoryW	reactos	kernel32.dll
GetSystemFileCacheSize	reactos	kernel32.dll
GetSystemFirmwareTable	reactos	kernel32.dll
GetSystemInfo	reactos	kernel32.dll
GetSystemPowerStatus	reactos	kernel32.dll
GetSystemPreferredUILanguages	no	kernel32_vista.dll only
GetSystemRegistryQuota	reactos	kernel32.dll
GetSystemTime	reactos	kernel32.dll
GetSystemTimeAdjustment	reactos	kernel32.dll
GetSystemTimeAsFileTime	reactos	kernel32.dll
GetSystemTimePreciseAsFileTime	no	kernel32_vista.dll only
GetSystemTimes	reactos	kernel32.dll
GetSystemWindowsDirectoryA	reactos	kernel32.dll
GetSystemWindowsDirectoryW	reactos	kernel32.dll
GetSystemWow64DirectoryA	reactos	kernel32.dll
GetSystemWow64DirectoryW	reactos	kernel32.dll
GetTapeParameters	reactos	kernel32.dll
GetTapePosition	reactos	kernel32.dll
GetTapeStatus	reactos	kernel32.dll
GetTempFileNameA	reactos	kernel32.dll
GetTempFileNameW	reactos	kernel32.dll
GetTempPathA	reactos	kernel32.dll
GetTempPathW	reactos	kernel32.dll
GetThreadContext	reactos	kernel32.dll
GetThreadDescription	no	kernel32_vista.dll only
GetThreadErrorMode	no	absent
GetThreadGroupAffinity	no	absent
GetThreadIOPendingFlag	reactos	kernel32.dll
GetThreadId	reactos	kernel32.dll
GetThreadIdealProcessorEx	no	absent
GetThreadInformation	no	absent
GetThreadLocale	reactos	kernel32.dll
GetThreadPreferredUILanguages	no	kernel32_vista.dll only
GetThreadPriority	reactos	kernel32.dll
GetThreadPriorityBoost	reactos	kernel32.dll
GetThreadSelectedCpuSets	no	absent
GetThreadSelectorEntry	reactos	kernel32.dll
GetThreadTimes	reactos	kernel32.dll
GetThreadUILanguage	no	kernel32_vista.dll only
GetTickCount	reactos	kernel32.dll
GetTickCount64	no	kernel32_vista.dll only
GetTimeFormatA	reactos	kernel32.dll
GetTimeFormatAWorker	no	absent
GetTimeFormatEx	no	absent
GetTimeFormatW	reactos	kernel32.dll
GetTimeFormatWWorker	no	absent
GetTimeZoneInformation	reactos	kernel32.dll
GetTimeZoneInformationForYear	no	absent
GetUILanguageInfo	no	kernel32_vista.dll only
GetUmsCompletionListEvent	no	absent
GetUmsSystemThreadInformation	no	absent
GetUserDefaultLCID	reactos	kernel32.dll
GetUserDefaultLangID	reactos	kernel32.dll
GetUserDefaultLocaleName	no	kernel32_vista.dll only
GetUserDefaultUILanguage	reactos	kernel32.dll
GetUserGeoID	reactos	kernel32.dll
GetUserPreferredUILanguages	no	kernel32_vista.dll only
GetVDMCurrentDirectories	reactos	kernel32.dll
GetVersion	reactos	kernel32.dll
GetVersionExA	reactos	kernel32.dll
GetVersionExW	reactos	kernel32.dll
GetVolumeInformationA	reactos	kernel32.dll
GetVolumeInformationByHandleW	no	absent
GetVolumeInformationW	reactos	kernel32.dll
GetVolumeNameForVolumeMountPointA	reactos	kernel32.dll
GetVolumeNameForVolumeMountPointW	reactos	kernel32.dll
GetVolumePathNameA	reactos	kernel32.dll
GetVolumePathNameW	reactos	kernel32.dll
GetVolumePathNamesForVolumeNameA	reactos	kernel32.dll
GetVolumePathNamesForVolumeNameW	reactos	kernel32.dll
GetWindowsDirectoryA	reactos	kernel32.dll
GetWindowsDirectoryW	reactos	kernel32.dll
GetWriteWatch	reactos	kernel32.dll
GetXStateFeaturesMask	no	absent
GlobalAddAtomA	reactos	kernel32.dll
GlobalAddAtomExA	no	absent
GlobalAddAtomExW	no	absent
GlobalAddAtomW	reactos	kernel32.dll
GlobalAlloc	reactos	kernel32.dll
GlobalCompact	reactos	kernel32.dll
GlobalDeleteAtom	reactos	kernel32.dll
GlobalFindAtomA	reactos	kernel32.dll
GlobalFindAtomW	reactos	kernel32.dll
GlobalFix	reactos	kernel32.dll
GlobalFlags	reactos	kernel32.dll
GlobalFree	reactos	kernel32.dll
GlobalGetAtomNameA	reactos	kernel32.dll
GlobalGetAtomNameW	reactos	kernel32.dll
GlobalHandle	reactos	kernel32.dll
GlobalLock	reactos	kernel32.dll
GlobalMemoryStatus	reactos	kernel32.dll
GlobalMemoryStatusEx	reactos	kernel32.dll
GlobalReAlloc	reactos	kernel32.dll
GlobalSize	reactos	kernel32.dll
GlobalUnWire	reactos	kernel32.dll
GlobalUnfix	reactos	kernel32.dll
GlobalUnlock	reactos	kernel32.dll
GlobalWire	reactos	kernel32.dll
Heap32First	reactos	kernel32.dll
Heap32ListFirst	reactos	kernel32.dll
Heap32ListNext	reactos	kernel32.dll
Heap32Next	reactos	kernel32.dll
HeapAlloc	reactos	kernel32.dll
HeapCompact	reactos	kernel32.dll
HeapCreate	reactos	kernel32.dll
HeapCreateTagsW	reactos	kernel32.dll
HeapDestroy	reactos	kernel32.dll
HeapExtend	reactos	kernel32.dll
HeapFree	reactos	kernel32.dll
HeapLock	reactos	kernel32.dll
HeapQueryInformation	reactos	kernel32.dll
HeapQueryTagW	reactos	kernel32.dll
HeapReAlloc	reactos	kernel32.dll
HeapSetFlags	no	absent
HeapSetInformation	reactos	kernel32.dll
HeapSize	reactos	kernel32.dll
HeapSummary	reactos	kernel32.dll
HeapUnlock	reactos	kernel32.dll
HeapUsage	reactos	kernel32.dll
HeapValidate	reactos	kernel32.dll
HeapWalk	reactos	kernel32.dll
IdnToAscii	no	absent
IdnToNameprepUnicode	no	absent
IdnToUnicode	no	absent
InitAtomTable	reactos	kernel32.dll
InitOnceBeginInitialize	no	kernel32_vista.dll only
InitOnceComplete	no	kernel32_vista.dll only
InitOnceExecuteOnce	no	kernel32_vista.dll only
InitOnceInitialize	no	kernel32_vista.dll only
InitializeConditionVariable	no	kernel32_vista.dll only
InitializeContext	no	absent
InitializeCriticalSection	reactos	kernel32.dll
InitializeCriticalSectionAndSpinCount	reactos	kernel32.dll
InitializeCriticalSectionEx	no	kernel32_vista.dll only
InitializeExtendedContext	no	absent
InitializeProcThreadAttributeList	no	absent
InitializeSListHead	reactos	kernel32.dll
InitializeSRWLock	no	kernel32_vista.dll only
InitializeSynchronizationBarrier	no	absent
InstallELAMCertificateInfo	no	absent
InterlockedCompareExchange	reactos	kernel32.dll
InterlockedCompareExchange64	reactos	kernel32.dll
InterlockedDecrement	reactos	kernel32.dll
InterlockedExchange	reactos	kernel32.dll
InterlockedExchangeAdd	reactos	kernel32.dll
InterlockedFlushSList	reactos	kernel32.dll
InterlockedIncrement	reactos	kernel32.dll
InterlockedPopEntrySList	reactos	kernel32.dll
InterlockedPushEntrySList	reactos	kernel32.dll
InterlockedPushListSList	no	absent
InterlockedPushListSListEx	no	absent
InvalidateConsoleDIBits	reactos	kernel32.dll
InvalidateNLSCache	no	absent
IsBadCodePtr	reactos	kernel32.dll
IsBadHugeReadPtr	reactos	kernel32.dll
IsBadHugeWritePtr	reactos	kernel32.dll
IsBadReadPtr	reactos	kernel32.dll
IsBadStringPtrA	reactos	kernel32.dll
IsBadStringPtrW	reactos	kernel32.dll
IsBadWritePtr	reactos	kernel32.dll
IsCalendarLeapDay	no	absent
IsCalendarLeapMonth	no	absent
IsCalendarLeapYear	no	absent
IsDBCSLeadByte	reactos	kernel32.dll
IsDBCSLeadByteEx	reactos	kernel32.dll
IsDebuggerPresent	reactos	kernel32.dll
IsLSCallback	no	absent
IsNLSDefinedString	reactos	kernel32.dll
IsNativeVhdBoot	no	absent
IsNormalizedString	no	absent
IsProcessCritical	no	absent
IsProcessInJob	reactos	kernel32.dll
IsProcessorFeaturePresent	reactos	kernel32.dll
IsSLCallback	no	absent
IsSystemResumeAutomatic	reactos	kernel32.dll
IsThreadAFiber	no	absent
IsThreadpoolTimerSet	no	absent
IsTimeZoneRedirectionEnabled	reactos	kernel32.dll
IsValidCalDateTime	no	absent
IsValidCodePage	reactos	kernel32.dll
IsValidLanguageGroup	reactos	kernel32.dll
IsValidLocale	reactos	kernel32.dll
IsValidLocaleName	no	kernel32_vista.dll only
IsValidNLSVersion	no	absent
IsValidUILanguage	reactos	kernel32.dll
IsWow64Process	reactos	kernel32.dll
K32EmptyWorkingSet	no	absent
K32EnumDeviceDrivers	no	absent
K32EnumPageFilesA	no	absent
K32EnumPageFilesW	no	absent
K32EnumProcessModules	no	absent
K32EnumProcessModulesEx	no	absent
K32EnumProcesses	no	absent
K32GetDeviceDriverBaseNameA	no	absent
K32GetDeviceDriverBaseNameW	no	absent
K32GetDeviceDriverFileNameA	no	absent
K32GetDeviceDriverFileNameW	no	absent
K32GetMappedFileNameA	no	absent
K32GetMappedFileNameW	no	absent
K32GetModuleBaseNameA	no	absent
K32GetModuleBaseNameW	no	absent
K32GetModuleFileNameExA	no	absent
K32GetModuleFileNameExW	no	absent
K32GetModuleInformation	no	absent
K32GetPerformanceInfo	no	absent
K32GetProcessImageFileNameA	no	absent
K32GetProcessImageFileNameW	no	absent
K32GetProcessMemoryInfo	no	absent
K32GetWsChanges	no	absent
K32GetWsChangesEx	no	absent
K32InitializeProcessForWsWatch	no	absent
K32QueryWorkingSet	no	absent
K32QueryWorkingSetEx	no	absent
K32Thk1632Epilog	no	absent
K32Thk1632Prolog	no	absent
K32_NtCreateFile	no	absent
K32_RtlNtStatusToDosError	no	absent
LCIDToLocaleName	no	kernel32_vista.dll only
LCMapStringA	reactos	kernel32.dll
LCMapStringEx	no	absent
LCMapStringW	reactos	kernel32.dll
LZClose	reactos	kernel32.dll
LZCloseFile	reactos	kernel32.dll
LZCopy	reactos	kernel32.dll
LZCreateFileW	reactos	kernel32.dll
LZDone	reactos	kernel32.dll
LZInit	reactos	kernel32.dll
LZOpenFileA	reactos	kernel32.dll
LZOpenFileW	reactos	kernel32.dll
LZRead	reactos	kernel32.dll
LZSeek	reactos	kernel32.dll
LZStart	reactos	kernel32.dll
LeaveCriticalSection	reactos	kernel32.dll
LeaveCriticalSectionWhenCallbackReturns	no	absent
LoadAppInitDlls	no	absent
LoadLibraryA	reactos	kernel32.dll
LoadLibraryExA	reactos	kernel32.dll
LoadLibraryExW	reactos	kernel32.dll
LoadLibraryW	reactos	kernel32.dll
LoadModule	reactos	kernel32.dll
LoadPackagedLibrary	no	absent
LoadResource	reactos	kernel32.dll
LoadStringBaseExW	no	absent
LoadStringBaseW	no	absent
LocalAlloc	reactos	kernel32.dll
LocalCompact	reactos	kernel32.dll
LocalFileTimeToFileTime	reactos	kernel32.dll
LocalFlags	reactos	kernel32.dll
LocalFree	reactos	kernel32.dll
LocalHandle	reactos	kernel32.dll
LocalLock	reactos	kernel32.dll
LocalReAlloc	reactos	kernel32.dll
LocalShrink	reactos	kernel32.dll
LocalSize	reactos	kernel32.dll
LocalUnlock	reactos	kernel32.dll
LocaleNameToLCID	no	kernel32_vista.dll only
LocateExtendedFeature	no	absent
LocateLegacyContext	no	absent
LocateXStateFeature	no	absent
LockFile	reactos	kernel32.dll
LockFileEx	reactos	kernel32.dll
LockResource	reactos	kernel32.dll
MakeCriticalSectionGlobal	no	absent
MapHInstLS	no	absent
MapHInstLS_PN	no	absent
MapHInstSL	no	absent
MapHInstSL_PN	no	absent
MapHModuleLS	no	absent
MapHModuleSL	no	absent
MapSL	no	absent
MapSLFix	no	absent
MapUserPhysicalPages	reactos	kernel32.dll
MapUserPhysicalPagesScatter	reactos	kernel32.dll
MapViewOfFile	reactos	kernel32.dll
MapViewOfFileEx	reactos	kernel32.dll
MapViewOfFileExNuma	no	absent
MapViewOfFileFromApp	no	absent
Module32First	reactos	kernel32.dll
Module32FirstW	reactos	kernel32.dll
Module32Next	reactos	kernel32.dll
Module32NextW	reactos	kernel32.dll
MoveFileA	reactos	kernel32.dll
MoveFileExA	reactos	kernel32.dll
MoveFileExW	reactos	kernel32.dll
MoveFileTransactedA	no	absent
MoveFileTransactedW	no	absent
MoveFileW	reactos	kernel32.dll
MoveFileWithProgressA	reactos	kernel32.dll
MoveFileWithProgressW	reactos	kernel32.dll
MulDiv	reactos	kernel32.dll
MultiByteToWideChar	reactos	kernel32.dll
NeedCurrentDirectoryForExePathA	reactos	kernel32.dll
NeedCurrentDirectoryForExePathW	reactos	kernel32.dll
NlsCheckPolicy	no	absent
NlsConvertIntegerToString	reactos	kernel32.dll
NlsEventDataDescCreate	no	absent
NlsGetCacheUpdateCount	reactos	kernel32.dll
NlsResetProcessLocale	reactos	kernel32.dll
NlsUpdateLocale	no	absent
NlsUpdateSystemLocale	no	absent
NlsWriteEtwEvent	no	absent
NormalizeString	no	absent
NotifyMountMgr	no	absent
NotifyNLSUserCache	no	absent
NotifyUILanguageChange	no	absent
NtVdm64CreateProcessInternalW	no	absent
NumaVirtualQueryNode	no	absent
OOBEComplete	no	absent
OfferVirtualMemory	no	absent
OpenConsoleW	reactos	kernel32.dll
OpenConsoleWStub	no	absent
OpenDataFile	reactos	kernel32.dll
OpenEventA	reactos	kernel32.dll
OpenEventW	reactos	kernel32.dll
OpenFile	reactos	kernel32.dll
OpenFileById	no	kernel32_vista.dll only
OpenFileMappingA	reactos	kernel32.dll
OpenFileMappingW	reactos	kernel32.dll
OpenJobObjectA	reactos	kernel32.dll
OpenJobObjectW	reactos	kernel32.dll
OpenMutexA	reactos	kernel32.dll
OpenMutexW	reactos	kernel32.dll
OpenPackageInfoByFullName	no	absent
OpenPrivateNamespaceA	no	absent
OpenPrivateNamespaceW	no	absent
OpenProcess	reactos	kernel32.dll
OpenProcessToken	no	absent
OpenProfileUserMapping	reactos	kernel32.dll
OpenSemaphoreA	reactos	kernel32.dll
OpenSemaphoreW	reactos	kernel32.dll
OpenState	no	absent
OpenStateAtom	no	absent
OpenStateExplicit	no	absent
OpenThread	reactos	kernel32.dll
OpenThreadToken	no	absent
OpenVxDHandle	no	absent
OpenWaitableTimerA	reactos	kernel32.dll
OpenWaitableTimerW	reactos	kernel32.dll
OutputDebugStringA	reactos	kernel32.dll
OutputDebugStringW	reactos	kernel32.dll
OverrideRoamingDataModificationTimesInRange	no	absent
PackageFamilyNameFromFullName	no	absent
PackageFamilyNameFromId	no	absent
PackageFullNameFromId	no	absent
PackageIdFromFullName	no	absent
PackageNameAndPublisherIdFromFamilyName	no	absent
ParseApplicationUserModelId	no	absent
PeekConsoleInputA	reactos	kernel32.dll
PeekConsoleInputW	reactos	kernel32.dll
PeekNamedPipe	reactos	kernel32.dll
PostQueuedCompletionStatus	reactos	kernel32.dll
PowerClearRequest	no	absent
PowerCreateRequest	no	absent
PowerSetRequest	no	absent
PrefetchVirtualMemory	no	absent
PrepareTape	reactos	kernel32.dll
PrivCopyFileExW	reactos	kernel32.dll
PrivMoveFileIdentityW	reactos	kernel32.dll
Process32First	reactos	kernel32.dll
Process32FirstW	reactos	kernel32.dll
Process32Next	reactos	kernel32.dll
Process32NextW	reactos	kernel32.dll
ProcessIdToSessionId	reactos	kernel32.dll
PssCaptureSnapshot	no	absent
PssDuplicateSnapshot	no	absent
PssFreeSnapshot	no	absent
PssQuerySnapshot	no	absent
PssWalkMarkerCreate	no	absent
PssWalkMarkerFree	no	absent
PssWalkMarkerGetPosition	no	absent
PssWalkMarkerRewind	no	absent
PssWalkMarkerSeek	no	absent
PssWalkMarkerSeekToBeginning	no	absent
PssWalkMarkerSetPosition	no	absent
PssWalkMarkerTell	no	absent
PssWalkSnapshot	no	absent
PublishStateChangeNotification	no	absent
PulseEvent	reactos	kernel32.dll
PurgeComm	reactos	kernel32.dll
QT_Thunk	no	absent
QueryActCtxSettingsW	no	absent
QueryActCtxSettingsWWorker	no	absent
QueryActCtxW	reactos	kernel32.dll
QueryActCtxWWorker	no	absent
QueryDepthSList	reactos	kernel32.dll
QueryDosDeviceA	reactos	kernel32.dll
QueryDosDeviceW	reactos	kernel32.dll
QueryFullProcessImageNameA	no	kernel32_vista.dll only
QueryFullProcessImageNameW	no	kernel32_vista.dll only
QueryIdleProcessorCycleTime	no	absent
QueryIdleProcessorCycleTimeEx	no	absent
QueryInformationJobObject	reactos	kernel32.dll
QueryIoRateControlInformationJobObject	no	absent
QueryMemoryResourceNotification	reactos	kernel32.dll
QueryNumberOfEventLogRecords	no	absent
QueryOldestEventLogRecord	no	absent
QueryPerformanceCounter	reactos	kernel32.dll
QueryPerformanceFrequency	reactos	kernel32.dll
QueryProcessAffinityUpdateMode	no	absent
QueryProcessCycleTime	no	absent
QueryProtectedPolicy	no	absent
QueryStateAtomValueInfo	no	absent
QueryStateContainerItemInfo	no	absent
QueryThreadCycleTime	no	absent
QueryThreadProfiling	no	absent
QueryThreadpoolStackInformation	no	absent
QueryUmsThreadInformation	no	absent
QueryUnbiasedInterruptTime	no	absent
QueryWin31IniFilesMappedToRegistry	no	absent
QueueUserAPC	reactos	kernel32.dll
QueueUserWorkItem	reactos	kernel32.dll
QuirkGetData2Worker	no	absent
QuirkGetDataWorker	no	absent
QuirkIsEnabled2Worker	no	absent
QuirkIsEnabled3Worker	no	absent
QuirkIsEnabledForPackage2Worker	no	absent
QuirkIsEnabledForPackage3Worker	no	absent
QuirkIsEnabledForPackage4Worker	no	absent
QuirkIsEnabledForPackageWorker	no	absent
QuirkIsEnabledForProcessWorker	no	absent
QuirkIsEnabledWorker	no	absent
RaiseException	reactos	kernel32.dll
RaiseFailFastException	no	absent
RaiseInvalid16BitExeError	no	absent
ReOpenFile	reactos	kernel32.dll
ReadConsoleA	reactos	kernel32.dll
ReadConsoleInputA	reactos	kernel32.dll
ReadConsoleInputExA	reactos	kernel32.dll
ReadConsoleInputExW	reactos	kernel32.dll
ReadConsoleInputW	reactos	kernel32.dll
ReadConsoleOutputA	reactos	kernel32.dll
ReadConsoleOutputAttribute	reactos	kernel32.dll
ReadConsoleOutputCharacterA	reactos	kernel32.dll
ReadConsoleOutputCharacterW	reactos	kernel32.dll
ReadConsoleOutputW	reactos	kernel32.dll
ReadConsoleW	reactos	kernel32.dll
ReadDirectoryChangesW	reactos	kernel32.dll
ReadFile	reactos	kernel32.dll
ReadFileEx	reactos	kernel32.dll
ReadFileScatter	reactos	kernel32.dll
ReadProcessMemory	reactos	kernel32.dll
ReadStateAtomValue	no	absent
ReadStateContainerValue	no	absent
ReadThreadProfilingData	no	absent
ReclaimVirtualMemory	no	absent
RegCloseKey	no	absent
RegCopyTreeW	no	absent
RegCreateKeyExA	no	absent
RegCreateKeyExW	no	absent
RegDeleteKeyExA	no	absent
RegDeleteKeyExW	no	absent
RegDeleteTreeA	no	absent
RegDeleteTreeW	no	absent
RegDeleteValueA	no	absent
RegDeleteValueW	no	absent
RegDisablePredefinedCacheEx	no	absent
RegEnumKeyExA	no	absent
RegEnumKeyExW	no	absent
RegEnumValueA	no	absent
RegEnumValueW	no	absent
RegFlushKey	no	absent
RegGetKeySecurity	no	absent
RegGetValueA	no	absent
RegGetValueW	no	absent
RegKrnGetGlobalState	no	absent
RegKrnInitialize	no	absent
RegLoadKeyA	no	absent
RegLoadKeyW	no	absent
RegLoadMUIStringA	no	absent
RegLoadMUIStringW	no	absent
RegNotifyChangeKeyValue	no	absent
RegOpenCurrentUser	no	absent
RegOpenKeyExA	no	absent
RegOpenKeyExW	no	absent
RegOpenUserClassesRoot	no	absent
RegQueryInfoKeyA	no	absent
RegQueryInfoKeyW	no	absent
RegQueryValueExA	no	absent
RegQueryValueExW	no	absent
RegRestoreKeyA	no	absent
RegRestoreKeyW	no	absent
RegSaveKeyExA	no	absent
RegSaveKeyExW	no	absent
RegSetKeySecurity	no	absent
RegSetValueExA	no	absent
RegSetValueExW	no	absent
RegUnLoadKeyA	no	absent
RegUnLoadKeyW	no	absent
RegisterApplicationRecoveryCallback	no	kernel32_vista.dll only
RegisterApplicationRestart	no	kernel32_vista.dll only
RegisterBadMemoryNotification	no	absent
RegisterConsoleIME	reactos	kernel32.dll
RegisterConsoleOS2	reactos	kernel32.dll
RegisterConsoleVDM	reactos	kernel32.dll
RegisterServiceProcess	no	absent
RegisterStateChangeNotification	no	absent
RegisterStateLock	no	absent
RegisterSysMsgHandler	no	absent
RegisterWaitForInputIdle	reactos	kernel32.dll
RegisterWaitForSingleObject	reactos	kernel32.dll
RegisterWaitForSingleObjectEx	reactos	kernel32.dll
RegisterWaitUntilOOBECompleted	no	absent
RegisterWowBaseHandlers	reactos	kernel32.dll
RegisterWowExec	reactos	kernel32.dll
ReinitializeCriticalSection	no	absent
ReleaseActCtx	reactos	kernel32.dll
ReleaseActCtxWorker	no	absent
ReleaseMutex	reactos	kernel32.dll
ReleaseMutexWhenCallbackReturns	no	absent
ReleaseSRWLockExclusive	no	kernel32_vista.dll only
ReleaseSRWLockShared	no	kernel32_vista.dll only
ReleaseSemaphore	reactos	kernel32.dll
ReleaseSemaphoreWhenCallbackReturns	no	absent
ReleaseStateLock	no	absent
RemoveDirectoryA	reactos	kernel32.dll
RemoveDirectoryTransactedA	no	absent
RemoveDirectoryTransactedW	no	absent
RemoveDirectoryW	reactos	kernel32.dll
RemoveDllDirectory	no	absent
RemoveLocalAlternateComputerNameA	reactos	kernel32.dll
RemoveLocalAlternateComputerNameW	reactos	kernel32.dll
RemoveSecureMemoryCacheCallback	no	absent
RemoveVectoredContinueHandler	reactos	kernel32.dll
RemoveVectoredExceptionHandler	reactos	kernel32.dll
ReplaceFile	reactos	kernel32.dll
ReplaceFileA	reactos	kernel32.dll
ReplaceFileW	reactos	kernel32.dll
ReplacePartitionUnit	no	absent
RequestDeviceWakeup	reactos	kernel32.dll
RequestWakeupLatency	reactos	kernel32.dll
ResetEvent	reactos	kernel32.dll
ResetNLSUserInfoCache	no	absent
ResetState	no	absent
ResetWriteWatch	reactos	kernel32.dll
ResolveDelayLoadedAPI	no	absent
ResolveDelayLoadsFromDll	no	absent
ResolveLocaleName	no	absent
RestoreLastError	reactos	kernel32.dll
ResumeThread	reactos	kernel32.dll
RtlAddFunctionTable	no	absent
RtlCaptureContext	reactos	kernel32.dll
RtlCaptureStackBackTrace	reactos	kernel32.dll
RtlCompareMemory	no	absent
RtlCopyMemory	no	absent
RtlDeleteFunctionTable	no	absent
RtlFillMemory	reactos	kernel32.dll
RtlInstallFunctionTableCallback	no	absent
RtlLookupFunctionEntry	no	absent
RtlMoveMemory	reactos	kernel32.dll
RtlPcToFileHeader	no	absent
RtlRaiseException	no	absent
RtlRestoreContext	no	absent
RtlUnwind	reactos	kernel32.dll
RtlUnwindEx	no	absent
RtlVirtualUnwind	no	absent
RtlZeroMemory	reactos	kernel32.dll
SMapLS	no	absent
SMapLS_IP_EBP_12	no	absent
SMapLS_IP_EBP_16	no	absent
SMapLS_IP_EBP_20	no	absent
SMapLS_IP_EBP_24	no	absent
SMapLS_IP_EBP_28	no	absent
SMapLS_IP_EBP_32	no	absent
SMapLS_IP_EBP_36	no	absent
SMapLS_IP_EBP_40	no	absent
SMapLS_IP_EBP_8	no	absent
SUnMapLS	no	absent
SUnMapLS_IP_EBP_12	no	absent
SUnMapLS_IP_EBP_16	no	absent
SUnMapLS_IP_EBP_20	no	absent
SUnMapLS_IP_EBP_24	no	absent
SUnMapLS_IP_EBP_28	no	absent
SUnMapLS_IP_EBP_32	no	absent
SUnMapLS_IP_EBP_36	no	absent
SUnMapLS_IP_EBP_40	no	absent
SUnMapLS_IP_EBP_8	no	absent
ScrollConsoleScreenBufferA	reactos	kernel32.dll
ScrollConsoleScreenBufferW	reactos	kernel32.dll
SearchPathA	reactos	kernel32.dll
SearchPathW	reactos	kernel32.dll
SetCPGlobal	reactos	kernel32.dll
SetCachedSigningLevel	no	absent
SetCalendarInfoA	reactos	kernel32.dll
SetCalendarInfoW	reactos	kernel32.dll
SetClientTimeZoneInformation	reactos	kernel32.dll
SetComPlusPackageInstallStatus	reactos	kernel32.dll
SetCommBreak	reactos	kernel32.dll
SetCommConfig	reactos	kernel32.dll
SetCommMask	reactos	kernel32.dll
SetCommState	reactos	kernel32.dll
SetCommTimeouts	reactos	kernel32.dll
SetComputerNameA	reactos	kernel32.dll
SetComputerNameEx2W	no	absent
SetComputerNameExA	reactos	kernel32.dll
SetComputerNameExW	reactos	kernel32.dll
SetComputerNameW	reactos	kernel32.dll
SetConsoleActiveScreenBuffer	reactos	kernel32.dll
SetConsoleCP	reactos	kernel32.dll
SetConsoleCommandHistoryMode	reactos	kernel32.dll
SetConsoleCtrlHandler	reactos	kernel32.dll
SetConsoleCursor	reactos	kernel32.dll
SetConsoleCursorInfo	reactos	kernel32.dll
SetConsoleCursorMode	reactos	kernel32.dll
SetConsoleCursorPosition	reactos	kernel32.dll
SetConsoleDisplayMode	reactos	kernel32.dll
SetConsoleFont	reactos	kernel32.dll
SetConsoleHardwareState	reactos	kernel32.dll
SetConsoleHistoryInfo	no	absent
SetConsoleIcon	reactos	kernel32.dll
SetConsoleInputExeNameA	reactos	kernel32.dll
SetConsoleInputExeNameW	reactos	kernel32.dll
SetConsoleKeyShortcuts	reactos	kernel32.dll
SetConsoleLocalEUDC	reactos	kernel32.dll
SetConsoleMaximumWindowSize	reactos	kernel32.dll
SetConsoleMenuClose	reactos	kernel32.dll
SetConsoleMode	reactos	kernel32.dll
SetConsoleNlsMode	reactos	kernel32.dll
SetConsoleNumberOfCommandsA	reactos	kernel32.dll
SetConsoleNumberOfCommandsW	reactos	kernel32.dll
SetConsoleOS2OemFormat	reactos	kernel32.dll
SetConsoleOutputCP	reactos	kernel32.dll
SetConsolePalette	reactos	kernel32.dll
SetConsoleScreenBufferInfoEx	no	absent
SetConsoleScreenBufferSize	reactos	kernel32.dll
SetConsoleTextAttribute	reactos	kernel32.dll
SetConsoleTitleA	reactos	kernel32.dll
SetConsoleTitleW	reactos	kernel32.dll
SetConsoleWindowInfo	reactos	kernel32.dll
SetCriticalSectionSpinCount	reactos	kernel32.dll
SetCurrentConsoleFontEx	no	absent
SetCurrentDirectoryA	reactos	kernel32.dll
SetCurrentDirectoryW	reactos	kernel32.dll
SetDaylightFlag	no	absent
SetDefaultCommConfigA	reactos	kernel32.dll
SetDefaultCommConfigW	reactos	kernel32.dll
SetDefaultDllDirectories	no	absent
SetDllDirectoryA	reactos	kernel32.dll
SetDllDirectoryW	reactos	kernel32.dll
SetDynamicTimeZoneInformation	no	absent
SetEndOfFile	reactos	kernel32.dll
SetEnvironmentStringsA	reactos	kernel32.dll
SetEnvironmentStringsW	reactos	kernel32.dll
SetEnvironmentVariableA	reactos	kernel32.dll
SetEnvironmentVariableW	reactos	kernel32.dll
SetErrorMode	reactos	kernel32.dll
SetEvent	reactos	kernel32.dll
SetEventWhenCallbackReturns	no	absent
SetExtendedFeaturesMask	no	absent
SetFileApisToANSI	reactos	kernel32.dll
SetFileApisToOEM	reactos	kernel32.dll
SetFileAttributesA	reactos	kernel32.dll
SetFileAttributesTransactedA	no	absent
SetFileAttributesTransactedW	no	absent
SetFileAttributesW	reactos	kernel32.dll
SetFileBandwidthReservation	no	kernel32_vista.dll only
SetFileCompletionNotificationModes	reactos	kernel32.dll
SetFileInformationByHandle	no	absent
SetFileIoOverlappedRange	no	absent
SetFilePointer	reactos	kernel32.dll
SetFilePointerEx	reactos	kernel32.dll
SetFileShortNameA	reactos	kernel32.dll
SetFileShortNameW	reactos	kernel32.dll
SetFileTime	reactos	kernel32.dll
SetFileValidData	reactos	kernel32.dll
SetFirmwareEnvironmentVariableA	reactos	kernel32.dll
SetFirmwareEnvironmentVariableExA	no	kernel32_vista.dll only
SetFirmwareEnvironmentVariableExW	no	kernel32_vista.dll only
SetFirmwareEnvironmentVariableW	reactos	kernel32.dll
SetHandleContext	reactos	kernel32.dll
SetHandleCount	reactos	kernel32.dll
SetHandleInformation	reactos	kernel32.dll
SetInformationJobObject	reactos	kernel32.dll
SetIoRateControlInformationJobObject	no	absent
SetLastConsoleEventActive	reactos	kernel32.dll
SetLastError	reactos	kernel32.dll
SetLocalPrimaryComputerNameA	reactos	kernel32.dll
SetLocalPrimaryComputerNameW	reactos	kernel32.dll
SetLocalTime	reactos	kernel32.dll
SetLocaleInfoA	reactos	kernel32.dll
SetLocaleInfoW	reactos	kernel32.dll
SetMailslotInfo	reactos	kernel32.dll
SetMessageWaitingIndicator	reactos	kernel32.dll
SetNamedPipeAttribute	no	absent
SetNamedPipeHandleState	reactos	kernel32.dll
SetPriorityClass	reactos	kernel32.dll
SetProcessAffinityMask	reactos	kernel32.dll
SetProcessAffinityUpdateMode	no	absent
SetProcessDEPPolicy	no	absent
SetProcessDefaultCpuSets	no	absent
SetProcessInformation	no	absent
SetProcessMitigationPolicy	no	absent
SetProcessPreferredUILanguages	no	absent
SetProcessPriorityBoost	reactos	kernel32.dll
SetProcessShutdownParameters	reactos	kernel32.dll
SetProcessUserModeExceptionPolicy	no	absent
SetProcessWorkingSetSize	reactos	kernel32.dll
SetProcessWorkingSetSizeEx	reactos	kernel32.dll
SetProtectedPolicy	no	absent
SetRoamingLastObservedChangeTime	no	absent
SetSearchPathMode	no	absent
SetStateVersion	no	absent
SetStdHandle	reactos	kernel32.dll
SetStdHandleEx	no	absent
SetSystemFileCacheSize	reactos	kernel32.dll
SetSystemPowerState	reactos	kernel32.dll
SetSystemTime	reactos	kernel32.dll
SetSystemTimeAdjustment	reactos	kernel32.dll
SetTapeParameters	reactos	kernel32.dll
SetTapePosition	reactos	kernel32.dll
SetTermsrvAppInstallMode	reactos	kernel32.dll
SetThreadAffinityMask	reactos	kernel32.dll
SetThreadContext	reactos	kernel32.dll
SetThreadDescription	no	kernel32_vista.dll only
SetThreadErrorMode	no	absent
SetThreadExecutionState	reactos	kernel32.dll
SetThreadGroupAffinity	no	absent
SetThreadIdealProcessor	reactos	kernel32.dll
SetThreadIdealProcessorEx	no	absent
SetThreadInformation	no	absent
SetThreadLocale	reactos	kernel32.dll
SetThreadPreferredUILanguages	no	kernel32_vista.dll only
SetThreadPriority	reactos	kernel32.dll
SetThreadPriorityBoost	reactos	kernel32.dll
SetThreadSelectedCpuSets	no	absent
SetThreadStackGuarantee	reactos	kernel32.dll
SetThreadToken	no	absent
SetThreadUILanguage	reactos	kernel32.dll
SetThreadpoolStackInformation	no	absent
SetThreadpoolThreadMaximum	no	absent
SetThreadpoolThreadMinimum	no	absent
SetThreadpoolTimer	no	absent
SetThreadpoolTimerEx	no	absent
SetThreadpoolWait	no	absent
SetThreadpoolWaitEx	no	absent
SetTimeZoneInformation	reactos	kernel32.dll
SetTimerQueueTimer	reactos	kernel32.dll
SetUmsThreadInformation	no	absent
SetUnhandledExceptionFilter	reactos	kernel32.dll
SetUserGeoID	reactos	kernel32.dll
SetVDMCurrentDirectories	reactos	kernel32.dll
SetVolumeLabelA	reactos	kernel32.dll
SetVolumeLabelW	reactos	kernel32.dll
SetVolumeMountPointA	reactos	kernel32.dll
SetVolumeMountPointW	reactos	kernel32.dll
SetVolumeMountPointWStub	no	absent
SetWaitableTimer	reactos	kernel32.dll
SetWaitableTimerEx	no	absent
SetXStateFeaturesMask	no	absent
SetupComm	reactos	kernel32.dll
ShowConsoleCursor	reactos	kernel32.dll
SignalObjectAndWait	reactos	kernel32.dll
SignalSysMsgHandlers	no	absent
SizeofResource	reactos	kernel32.dll
Sleep	reactos	kernel32.dll
SleepConditionVariableCS	no	kernel32_vista.dll only
SleepConditionVariableSRW	no	kernel32_vista.dll only
SleepEx	reactos	kernel32.dll
SortCloseHandle	no	absent
SortGetHandle	no	absent
StartThreadpoolIo	no	absent
SubmitThreadpoolWork	no	absent
SubscribeStateChangeNotification	no	absent
SuspendThread	reactos	kernel32.dll
SwitchToFiber	reactos	kernel32.dll
SwitchToThread	reactos	kernel32.dll
SystemTimeToFileTime	reactos	kernel32.dll
SystemTimeToTzSpecificLocalTime	reactos	kernel32.dll
SystemTimeToTzSpecificLocalTimeEx	no	absent
TerminateJobObject	reactos	kernel32.dll
TerminateProcess	reactos	kernel32.dll
TerminateThread	reactos	kernel32.dll
TermsrvAppInstallMode	reactos	kernel32.dll
TermsrvConvertSysRootToUserDir	no	absent
TermsrvCreateRegEntry	no	absent
TermsrvDeleteKey	no	absent
TermsrvDeleteValue	no	absent
TermsrvGetPreSetValue	no	absent
TermsrvGetWindowsDirectoryA	no	absent
TermsrvGetWindowsDirectoryW	no	absent
TermsrvOpenRegEntry	no	absent
TermsrvOpenUserClasses	no	absent
TermsrvRestoreKey	no	absent
TermsrvSetKeySecurity	no	absent
TermsrvSetValueKey	no	absent
TermsrvSyncUserIniFileExt	no	absent
Thread32First	reactos	kernel32.dll
Thread32Next	reactos	kernel32.dll
ThunkConnect32	no	absent
TlsAlloc	reactos	kernel32.dll
TlsAllocInternal	no	absent
TlsFree	reactos	kernel32.dll
TlsFreeInternal	no	absent
TlsGetValue	reactos	kernel32.dll
TlsSetValue	reactos	kernel32.dll
Toolhelp32ReadProcessMemory	reactos	kernel32.dll
TransactNamedPipe	reactos	kernel32.dll
TransmitCommChar	reactos	kernel32.dll
TrimVirtualBuffer	no	absent
TryAcquireSRWLockExclusive	no	absent
TryAcquireSRWLockShared	no	absent
TryEnterCriticalSection	reactos	kernel32.dll
TrySubmitThreadpoolCallback	no	kernel32_vista.dll only
TzSpecificLocalTimeToSystemTime	reactos	kernel32.dll
TzSpecificLocalTimeToSystemTimeEx	no	absent
UTRegister	reactos	kernel32.dll
UTUnRegister	reactos	kernel32.dll
UmsThreadYield	no	absent
UnMapLS	no	absent
UnMapLSFixArray	no	absent
UnhandledExceptionFilter	reactos	kernel32.dll
UninitializeCriticalSection	no	absent
UnlockFile	reactos	kernel32.dll
UnlockFileEx	reactos	kernel32.dll
UnmapViewOfFile	reactos	kernel32.dll
UnmapViewOfFileEx	no	absent
UnregisterApplicationRecoveryCallback	no	absent
UnregisterApplicationRestart	no	absent
UnregisterBadMemoryNotification	no	absent
UnregisterConsoleIME	reactos	kernel32.dll
UnregisterStateChangeNotification	no	absent
UnregisterStateLock	no	absent
UnregisterWait	reactos	kernel32.dll
UnregisterWaitEx	reactos	kernel32.dll
UnregisterWaitUntilOOBECompleted	no	absent
UnsubscribeStateChangeNotification	no	absent
UpdateCalendarDayOfWeek	no	absent
UpdateProcThreadAttribute	no	absent
UpdateResourceA	reactos	kernel32.dll
UpdateResourceW	reactos	kernel32.dll
VDMConsoleOperation	reactos	kernel32.dll
VDMOperationStarted	reactos	kernel32.dll
ValidateLCType	reactos	kernel32.dll
ValidateLocale	reactos	kernel32.dll
VerLanguageNameA	reactos	kernel32.dll
VerLanguageNameW	reactos	kernel32.dll
VerSetConditionMask	reactos	kernel32.dll
VerifyConsoleIoHandle	reactos	kernel32.dll
VerifyScripts	no	absent
VerifyVersionInfoA	reactos	kernel32.dll
VerifyVersionInfoW	reactos	kernel32.dll
VirtualAlloc	reactos	kernel32.dll
VirtualAllocEx	reactos	kernel32.dll
VirtualAllocExNuma	no	absent
VirtualBufferExceptionHandler	no	absent
VirtualFree	reactos	kernel32.dll
VirtualFreeEx	reactos	kernel32.dll
VirtualLock	reactos	kernel32.dll
VirtualProtect	reactos	kernel32.dll
VirtualProtectEx	reactos	kernel32.dll
VirtualQuery	reactos	kernel32.dll
VirtualQueryEx	reactos	kernel32.dll
VirtualUnlock	reactos	kernel32.dll
WTSGetActiveConsoleSessionId	reactos	kernel32.dll
WaitCommEvent	reactos	kernel32.dll
WaitForDebugEvent	reactos	kernel32.dll
WaitForDebugEventEx	no	absent
WaitForMultipleObjects	reactos	kernel32.dll
WaitForMultipleObjectsEx	reactos	kernel32.dll
WaitForSingleObject	reactos	kernel32.dll
WaitForSingleObjectEx	reactos	kernel32.dll
WaitForThreadpoolIoCallbacks	no	absent
WaitForThreadpoolTimerCallbacks	no	absent
WaitForThreadpoolWaitCallbacks	no	absent
WaitForThreadpoolWorkCallbacks	no	absent
WaitNamedPipeA	reactos	kernel32.dll
WaitNamedPipeW	reactos	kernel32.dll
WakeAllConditionVariable	no	kernel32_vista.dll only
WakeConditionVariable	no	kernel32_vista.dll only
WerGetFlags	no	absent
WerGetFlagsWorker	no	absent
WerRegisterFile	no	absent
WerRegisterFileWorker	no	absent
WerRegisterMemoryBlock	no	absent
WerRegisterMemoryBlockWorker	no	absent
WerRegisterRuntimeExceptionModule	no	absent
WerRegisterRuntimeExceptionModuleWorker	no	absent
WerSetFlags	no	absent
WerSetFlagsWorker	no	absent
WerUnregisterFile	no	absent
WerUnregisterFileWorker	no	absent
WerUnregisterMemoryBlock	no	absent
WerUnregisterMemoryBlockWorker	no	absent
WerUnregisterRuntimeExceptionModule	no	absent
WerUnregisterRuntimeExceptionModuleWorker	no	absent
WerpCleanupMessageMapping	no	absent
WerpGetDebugger	no	absent
WerpInitiateRemoteRecovery	no	absent
WerpLaunchAeDebug	no	absent
WerpNotifyLoadStringResource	no	absent
WerpNotifyLoadStringResourceEx	no	absent
WerpNotifyLoadStringResourceWorker	no	absent
WerpNotifyUseStringResource	no	absent
WerpNotifyUseStringResourceWorker	no	absent
WerpStringLookup	no	absent
WideCharToMultiByte	reactos	kernel32.dll
WinExec	reactos	kernel32.dll
Wow64DisableWow64FsRedirection	reactos	kernel32.dll
Wow64EnableWow64FsRedirection	reactos	kernel32.dll
Wow64GetThreadContext	no	absent
Wow64GetThreadSelectorEntry	no	absent
Wow64RevertWow64FsRedirection	reactos	kernel32.dll
Wow64SetThreadContext	no	absent
Wow64SuspendThread	no	absent
WriteConsoleA	reactos	kernel32.dll
WriteConsoleInputA	reactos	kernel32.dll
WriteConsoleInputVDMA	reactos	kernel32.dll
WriteConsoleInputVDMW	reactos	kernel32.dll
WriteConsoleInputW	reactos	kernel32.dll
WriteConsoleOutputA	reactos	kernel32.dll
WriteConsoleOutputAttribute	reactos	kernel32.dll
WriteConsoleOutputCharacterA	reactos	kernel32.dll
WriteConsoleOutputCharacterW	reactos	kernel32.dll
WriteConsoleOutputW	reactos	kernel32.dll
WriteConsoleW	reactos	kernel32.dll
WriteFile	reactos	kernel32.dll
WriteFileEx	reactos	kernel32.dll
WriteFileGather	reactos	kernel32.dll
WritePrivateProfileSectionA	reactos	kernel32.dll
WritePrivateProfileSectionW	reactos	kernel32.dll
WritePrivateProfileStringA	reactos	kernel32.dll
WritePrivateProfileStringW	reactos	kernel32.dll
WritePrivateProfileStructA	reactos	kernel32.dll
WritePrivateProfileStructW	reactos	kernel32.dll
WriteProcessMemory	reactos	kernel32.dll
WriteProfileSectionA	reactos	kernel32.dll
WriteProfileSectionW	reactos	kernel32.dll
WriteProfileStringA	reactos	kernel32.dll
WriteProfileStringW	reactos	kernel32.dll
WriteStateAtomValue	no	absent
WriteStateContainerValue	no	absent
WriteTapemark	reactos	kernel32.dll
ZombifyActCtx	reactos	kernel32.dll
ZombifyActCtxWorker	no	absent
_DebugOut	no	absent
_DebugPrintf	no	absent
__C_specific_handler	no	absent
__chkstk	no	absent
__misaligned_access	no	absent
_hread	reactos	kernel32.dll
_hwrite	reactos	kernel32.dll
_lclose	reactos	kernel32.dll
_lcreat	reactos	kernel32.dll
_llseek	reactos	kernel32.dll
_local_unwind	no	absent
_lopen	reactos	kernel32.dll
_lread	reactos	kernel32.dll
_lwrite	reactos	kernel32.dll
dprintf	no	absent
lstrcat	reactos	kernel32.dll
lstrcatA	reactos	kernel32.dll
lstrcatW	reactos	kernel32.dll
lstrcmp	reactos	kernel32.dll
lstrcmpA	reactos	kernel32.dll
lstrcmpW	reactos	kernel32.dll
lstrcmpi	reactos	kernel32.dll
lstrcmpiA	reactos	kernel32.dll
lstrcmpiW	reactos	kernel32.dll
lstrcpy	reactos	kernel32.dll
lstrcpyA	reactos	kernel32.dll
lstrcpyW	reactos	kernel32.dll
lstrcpyn	reactos	kernel32.dll
lstrcpynA	reactos	kernel32.dll
lstrcpynW	reactos	kernel32.dll
lstrlen	reactos	kernel32.dll
lstrlenA	reactos	kernel32.dll
lstrlenW	reactos	kernel32.dll
timeBeginPeriod	no	absent
timeEndPeriod	no	absent
timeGetDevCaps	no	absent
timeGetSystemTime	no	absent
timeGetTime	no	absent
uaw_lstrcmpW	no	absent
uaw_lstrcmpiW	no	absent
uaw_lstrlenW	no	absent
uaw_wcschr	no	absent
uaw_wcscpy	no	absent
uaw_wcsicmp	no	absent
uaw_wcslen	no	absent
uaw_wcsrchr	no	absent
